{
  "results": [
    {
      "command": "target/release/reuko tmp/bench/large_indent_violations.rb",
      "mean": 0.32601814094,
      "stddev": 0.006036279266270059,
      "median": 0.32393567434000003,
      "user": 0.2990222799999999,
      "system": 0.0253048,
      "min": 0.31976594534,
      "max": 0.33738702834,
      "times": [
        0.32134715334,
        0.33738702834,
        0.33219915334000005,
        0.32055648734000003,
        0.32912477834000003,
        0.33088244534000005,
        0.32104706934000005,
        0.32270315334000005,
        0.32516819534,
        0.31976594534
      ],
      "exit_codes": [
        1,
        1,
        1,
        1,
        1,
        1,
        1,
        1,
        1,
        1
      ]
    },
    {
      "command": "rubocop --format quiet tmp/bench/large_indent_violations.rb",
      "mean": 0.44815084934000005,
      "stddev": 0.06598132166145822,
      "median": 0.42170225784000004,
      "user": 0.4093948799999999,
      "system": 0.0372295,
      "min": 0.41186152834000006,
      "max": 0.62206861234,
      "times": [
        0.42249586134000006,
        0.42652490334000004,
        0.62206861234,
        0.49330394534000005,
        0.44528386134000003,
        0.42090865434,
        0.41299719534,
        0.41289057034000004,
        0.41186152834000006,
        0.41317336134000004
      ],
      "exit_codes": [
        1,
        1,
        1,
        1,
        1,
        1,
        1,
        1,
        1,
        1
      ]
    }
  ]
}
