{
  "results": [
    {
      "command": "target/release/reuko tmp/bench/large_indent_violations.rb",
      "mean": 0.3093822058600001,
      "stddev": 0.00658208269888153,
      "median": 0.30854714766,
      "user": 0.28543542,
      "system": 0.022397519999999997,
      "min": 0.30282168916,
      "max": 0.32380102316000003,
      "times": [
        0.30282168916,
        0.30368868916,
        0.30886731416,
        0.30927918916,
        0.30592210516000007,
        0.30822698116,
        0.31030368916000006,
        0.30375423116000005,
        0.31715714716000004,
        0.32380102316000003
      ],
      "exit_codes": [
        1,
        1,
        1,
        1,
        1,
        1,
        1,
        1,
        1,
        1
      ]
    },
    {
      "command": "rubocop --format quiet tmp/bench/large_indent_violations.rb",
      "mean": 0.40118024335999997,
      "stddev": 0.005794280082585553,
      "median": 0.39998368916000004,
      "user": 0.37129601999999995,
      "system": 0.028542219999999997,
      "min": 0.39331839816,
      "max": 0.41058285616000006,
      "times": [
        0.39331839816,
        0.39580748116000003,
        0.40176006416000004,
        0.41058285616000006,
        0.39820731416000005,
        0.39721443916000004,
        0.4078508141600001,
        0.40387852216000003,
        0.39679223016000004,
        0.40639031416000004
      ],
      "exit_codes": [
        1,
        1,
        1,
        1,
        1,
        1,
        1,
        1,
        1,
        1
      ]
    }
  ]
}
