{
  "results": [
    {
      "command": "target/release/reuko tmp/bench/large.rb",
      "mean": 0.08989614370235297,
      "stddev": 0.0029499793156415586,
      "median": 0.08943620482,
      "user": 0.08160530941176469,
      "system": 0.007273750588235293,
      "min": 0.08642149732000001,
      "max": 0.10314012132000001,
      "times": [
        0.08733166332,
        0.08642149732000001,
        0.08860353832000001,
        0.09256712132000001,
        0.09370570532000001,
        0.09209212132000001,
        0.08805812232000002,
        0.08769470532000001,
        0.08975953832000001,
        0.08898649632000001,
        0.08958524632,
        0.10314012132000001,
        0.09009537132,
        0.09010024732000001,
        0.08990553832,
        0.08756503832000001,
        0.08784470532000001,
        0.08998978832000001,
        0.09194978832,
        0.09340732932000001,
        0.09104566332000001,
        0.08877762132000001,
        0.08777695432,
        0.08795720532000001,
        0.08996241332,
        0.08828953832000001,
        0.08896887132,
        0.08891337132,
        0.08846103832,
        0.08928716332,
        0.08678908032,
        0.09013841332000001,
        0.08993153832,
        0.09136633032000001
      ],
      "exit_codes": [
        1,
        1,
        1,
        1,
        1,
        1,
        1,
        1,
        1,
        1,
        1,
        1,
        1,
        1,
        1,
        1,
        1,
        1,
        1,
        1,
        1,
        1,
        1,
        1,
        1,
        1,
        1,
        1,
        1,
        1,
        1,
        1,
        1,
        1
      ]
    },
    {
      "command": "rubocop --only Layout/TrailingWhitespace,tmp/bench/large.rb",
      "mean": 0.9103154931199999,
      "stddev": 0.004178877882541924,
      "median": 0.9098765388200001,
      "user": 0.7628945799999998,
      "system": 0.06505797999999999,
      "min": 0.90563016432,
      "max": 0.91710178932,
      "times": [
        0.90872116432,
        0.90727866332,
        0.90592608032,
        0.91103191332,
        0.91668324732,
        0.91242203932,
        0.91710178932,
        0.90693808032,
        0.91142178932,
        0.90563016432
      ],
      "exit_codes": [
        2,
        2,
        2,
        2,
        2,
        2,
        2,
        2,
        2,
        2
      ]
    }
  ]
}
