{
  "results": [
    {
      "command": "target/release/reuko --only Layout/IndentationConsistency tmp/bench/large.rb",
      "mean": 0.07132620192999999,
      "stddev": 0.0034519410971519887,
      "median": 0.07027156658,
      "user": 0.06335315999999999,
      "system": 0.006881149999999998,
      "min": 0.06863789958,
      "max": 0.08160664958,
      "times": [
        0.07164285858,
        0.07209469158,
        0.06956435758,
        0.06952435758,
        0.07037506657999999,
        0.07115114958,
        0.08160664958,
        0.06951310858,
        0.07065998358,
        0.06863789958,
        0.06926285758,
        0.07057535858,
        0.07016806658,
        0.06921914958,
        0.06894744157999999,
        0.06975256658,
        0.07074865058,
        0.06949306658,
        0.07366540058,
        0.07992135758
      ],
      "exit_codes": [
        0,
        0,
        0,
        0,
        0,
        0,
        0,
        0,
        0,
        0,
        0,
        0,
        0,
        0,
        0,
        0,
        0,
        0,
        0,
        0
      ]
    },
    {
      "command": "rubocop --format quiet --only Layout/IndentationConsistency tmp/bench/large.rb",
      "mean": 0.41317266898000005,
      "stddev": 0.013953705176282544,
      "median": 0.40940060908,
      "user": 0.38402646000000007,
      "system": 0.02785505,
      "min": 0.40072194158,
      "max": 0.46388981758000003,
      "times": [
        0.46388981758000003,
        0.41137323258,
        0.41367590058,
        0.40532210758,
        0.40861356758,
        0.40991506658,
        0.40072194158,
        0.40759694258,
        0.40638027458,
        0.40357965058,
        0.41110073258,
        0.40932127558000003,
        0.42301098358,
        0.43441085858,
        0.40947994258,
        0.41152406658,
        0.40863569258,
        0.40424265058000003,
        0.40851839958,
        0.41214027558
      ],
      "exit_codes": [
        0,
        0,
        0,
        0,
        0,
        0,
        0,
        0,
        0,
        0,
        0,
        0,
        0,
        0,
        0,
        0,
        0,
        0,
        0,
        0
      ]
    }
  ]
}
