{
  "results": [
    {
      "command": "target/release/reuko --only Layout/IndentationConsistency tmp/bench/large.rb",
      "mean": 0.08970070105454543,
      "stddev": 0.002152251582234551,
      "median": 0.0890762206,
      "user": 0.08123589090909089,
      "system": 0.007392360606060607,
      "min": 0.08599592860000001,
      "max": 0.0958318876,
      "times": [
        0.0880671786,
        0.08816817860000001,
        0.09126863660000001,
        0.0958318876,
        0.0905070536,
        0.0887063446,
        0.0907945946,
        0.0902633026,
        0.0955637616,
        0.0942427616,
        0.08964663660000001,
        0.0889045116,
        0.0877897616,
        0.08599592860000001,
        0.0890762206,
        0.0886480116,
        0.0874218446,
        0.0884013866,
        0.0886172196,
        0.0886775956,
        0.0907805116,
        0.0880860116,
        0.0898000536,
        0.0886111786,
        0.09156788660000001,
        0.0893205536,
        0.0887830946,
        0.0885684706,
        0.08918963660000001,
        0.0881814286,
        0.0902344696,
        0.0891296776,
        0.0912773446
      ],
      "exit_codes": [
        0,
        0,
        0,
        0,
        0,
        0,
        0,
        0,
        0,
        0,
        0,
        0,
        0,
        0,
        0,
        0,
        0,
        0,
        0,
        0,
        0,
        0,
        0,
        0,
        0,
        0,
        0,
        0,
        0,
        0,
        0,
        0,
        0
      ]
    },
    {
      "command": "rubocop --only Layout/IndentationConsistency tmp/bench/large.rb",
      "mean": 0.40128271610000005,
      "stddev": 0.002320149520164074,
      "median": 0.4012889491,
      "user": 0.3717218,
      "system": 0.028331099999999998,
      "min": 0.39590763760000003,
      "max": 0.4051313036,
      "times": [
        0.4014333866,
        0.4030423866,
        0.4005848456,
        0.4017529286,
        0.40204901260000003,
        0.4009331366,
        0.4051313036,
        0.40114451160000003,
        0.4008480116,
        0.39590763760000003
      ],
      "exit_codes": [
        0,
        0,
        0,
        0,
        0,
        0,
        0,
        0,
        0,
        0
      ]
    }
  ]
}
