{
  "results": [
    {
      "command": "target/release/reuko --only Layout/IndentationConsistency tmp/bench/indent_violations.rb",
      "mean": 0.00508947931,
      "stddev": 0.00030194636858737453,
      "median": 0.00506443736,
      "user": 0.0032247899999999995,
      "system": 0.001169879,
      "min": 0.0047254583599999995,
      "max": 0.00588108336,
      "times": [
        0.00532554136,
        0.00515979236,
        0.00475829136,
        0.00486829136,
        0.00502979236,
        0.0047254583599999995,
        0.00483729136,
        0.00521616636,
        0.00483837536,
        0.00482579136,
        0.00510916736,
        0.00564400036,
        0.0052845003599999996,
        0.00588108336,
        0.00527525036,
        0.0049522503599999995,
        0.00504125036,
        0.00519437536,
        0.00473529236,
        0.00508762436
      ],
      "exit_codes": [
        1,
        1,
        1,
        1,
        1,
        1,
        1,
        1,
        1,
        1,
        1,
        1,
        1,
        1,
        1,
        1,
        1,
        1,
        1,
        1
      ]
    },
    {
      "command": "rubocop --format quiet --only Layout/IndentationConsistency tmp/bench/indent_violations.rb",
      "mean": 0.40486622716000004,
      "stddev": 0.0039011812527511972,
      "median": 0.40450518736,
      "user": 0.37422268999999997,
      "system": 0.029317889999999992,
      "min": 0.39945762536,
      "max": 0.41410970836,
      "times": [
        0.40319770836,
        0.40243787436,
        0.40655345836,
        0.40442541636,
        0.40356012536,
        0.40575175036,
        0.40458495836,
        0.40804337536,
        0.39945762536,
        0.40676733336000004,
        0.39989762536,
        0.41205670836,
        0.40694012536,
        0.40011637436,
        0.40264900036,
        0.40465187436,
        0.41410970836,
        0.40894691736,
        0.40182770836000004,
        0.40134887536
      ],
      "exit_codes": [
        1,
        1,
        1,
        1,
        1,
        1,
        1,
        1,
        1,
        1,
        1,
        1,
        1,
        1,
        1,
        1,
        1,
        1,
        1,
        1
      ]
    }
  ]
}
