{
  "results": [
    {
      "command": "target/release/reuko --only Layout/IndentationConsistency tmp/bench/large_indent_violations.rb",
      "mean": 0.31040901262,
      "stddev": 0.0033025009885409946,
      "median": 0.30963880412,
      "user": 0.28875744000000003,
      "system": 0.020299479999999998,
      "min": 0.30682774162,
      "max": 0.31826111662,
      "times": [
        0.30707344962,
        0.30903811662,
        0.31001269962,
        0.30861224262,
        0.31826111662,
        0.31191015862,
        0.30926490862,
        0.31230120062,
        0.31078849162,
        0.30682774162
      ],
      "exit_codes": [
        1,
        1,
        1,
        1,
        1,
        1,
        1,
        1,
        1,
        1
      ]
    },
    {
      "command": "rubocop --format quiet --only Layout/IndentationConsistency tmp/bench/large_indent_violations.rb",
      "mean": 0.41026733372000007,
      "stddev": 0.003513405466285679,
      "median": 0.41039736662000004,
      "user": 0.38165674,
      "system": 0.027213579999999998,
      "min": 0.40405482562,
      "max": 0.41516270062,
      "times": [
        0.40792182562,
        0.40982861662000003,
        0.40837145062,
        0.40727570062,
        0.41493515862,
        0.41293311762,
        0.41122382462,
        0.40405482562,
        0.41096611662,
        0.41516270062
      ],
      "exit_codes": [
        1,
        1,
        1,
        1,
        1,
        1,
        1,
        1,
        1,
        1
      ]
    }
  ]
}
