{
  "results": [
    {
      "command": "target/release/reuko --only Layout/TrailingWhitespace,Layout/IndentationWidth,Layout/IndentationConsistency tmp/bench/large.rb",
      "mean": 0.09329292058482758,
      "stddev": 0.004890165913592178,
      "median": 0.09097404024,
      "user": 0.0840947131034483,
      "system": 0.008087795862068965,
      "min": 0.08789745624,
      "max": 0.10305704024000001,
      "times": [
        0.10123462324,
        0.09661995624,
        0.09282470624,
        0.08973478924,
        0.08885787324,
        0.09082679024,
        0.10279666424,
        0.09062641524000001,
        0.08945074824,
        0.08923133124,
        0.08999266524,
        0.08894149824,
        0.08841070624,
        0.08925149824,
        0.09115658124,
        0.08789745624,
        0.10305704024000001,
        0.09912304024,
        0.09935629024,
        0.09884308124,
        0.09671820624000001,
        0.10050016524000001,
        0.09647416424000001,
        0.09266208224,
        0.09097404024,
        0.09080420624,
        0.09116362324,
        0.08876849824000001,
        0.08919595624
      ],
      "exit_codes": [
        0,
        0,
        0,
        0,
        0,
        0,
        0,
        0,
        0,
        0,
        0,
        0,
        0,
        0,
        0,
        0,
        0,
        0,
        0,
        0,
        0,
        0,
        0,
        0,
        0,
        0,
        0,
        0,
        0
      ]
    },
    {
      "command": "rubocop --only Layout/TrailingWhitespace,Layout/IndentationWidth,Layout/IndentationConsistency tmp/bench/large.rb",
      "mean": 0.41077875674,
      "stddev": 0.011767753805489188,
      "median": 0.40785416474,
      "user": 0.37804862,
      "system": 0.031447220000000005,
      "min": 0.39939033224000003,
      "max": 0.44120791424000005,
      "times": [
        0.40410191524000005,
        0.40240624824000004,
        0.40779933124000006,
        0.40790899824000004,
        0.40526491524,
        0.41442187424000004,
        0.44120791424000005,
        0.4146768732400001,
        0.4106091652400001,
        0.39939033224000003
      ],
      "exit_codes": [
        0,
        0,
        0,
        0,
        0,
        0,
        0,
        0,
        0,
        0
      ]
    }
  ]
}
