command,mean,stddev,median,user,system,min,max
target/release/reuko tmp/bench/large.rb,1.5491120038600001,0.03835250515973146,1.53618079966,1.5407353600000002,0.007352159999999998,1.52106521616,1.64858067516
