{
  "results": [
    {
      "command": "target/release/reuko --only Layout/IndentationConsistency tmp/bench/large_indent_violations.rb",
      "mean": 0.4742064677199999,
      "stddev": 0.01797358732813648,
      "median": 0.46789245528,
      "user": 0.45362892000000005,
      "system": 0.01960968,
      "min": 0.46237416328000003,
      "max": 0.56802207928,
      "times": [
        0.46237416328000003,
        0.46316008028000005,
        0.46738687228000003,
        0.46372378828000005,
        0.46796441328000005,
        0.46982678828,
        0.46624320528,
        0.46394791428000004,
        0.46711632928,
        0.46347358028,
        0.46651058028000003,
        0.46679353828000003,
        0.46736141428000005,
        0.46611241328,
        0.47477978828000006,
        0.56802207928,
        0.5356052892800001,
        0.46782049728,
        0.46642095528000005,
        0.4698893302800001,
        0.46634912228000003,
        0.47031087128000004,
        0.46655283028000005,
        0.49583191428000006,
        0.46716974628,
        0.47018958028,
        0.47047508028000007,
        0.48648603828000003,
        0.48031137228000004,
        0.46677524728,
        0.46678991328,
        0.46702157928000004,
        0.49081178828000005,
        0.46693783028,
        0.46584299728000006,
        0.46640874728000004,
        0.46831795528000003,
        0.47365266328000005,
        0.4806609142800001,
        0.49115087228000004,
        0.47754458028,
        0.46756391328,
        0.4707773302800001,
        0.46507312128000006,
        0.46890478928000007,
        0.47095762228000004,
        0.48143408028000007,
        0.47591816328000003,
        0.47469708028000007,
        0.47487262128
      ],
      "exit_codes": [
        1,
        1,
        1,
        1,
        1,
        1,
        1,
        1,
        1,
        1,
        1,
        1,
        1,
        1,
        1,
        1,
        1,
        1,
        1,
        1,
        1,
        1,
        1,
        1,
        1,
        1,
        1,
        1,
        1,
        1,
        1,
        1,
        1,
        1,
        1,
        1,
        1,
        1,
        1,
        1,
        1,
        1,
        1,
        1,
        1,
        1,
        1,
        1,
        1,
        1
      ]
    },
    {
      "command": "rubocop --format quiet --only Layout/IndentationConsistency tmp/bench/large_indent_violations.rb",
      "mean": 0.42955368256,
      "stddev": 0.02093874609338284,
      "median": 0.42474651778000005,
      "user": 0.39710619999999996,
      "system": 0.030906199999999995,
      "min": 0.41043870528000004,
      "max": 0.54379183028,
      "times": [
        0.44103858028000004,
        0.41292358028000004,
        0.43317270528000007,
        0.42044103828000007,
        0.42173108028000006,
        0.42827741328,
        0.45252662128000004,
        0.44340249728000003,
        0.41216691428,
        0.41233378828000006,
        0.42403566328000003,
        0.41210716328,
        0.41964316328000006,
        0.44731978828,
        0.44269412128,
        0.43336328828000004,
        0.43846503828000005,
        0.43004658028000003,
        0.54379183028,
        0.44252174628,
        0.41337499628,
        0.41427691328000005,
        0.45637999728000006,
        0.41773649628000004,
        0.44839445528000005,
        0.45076120428000005,
        0.42359924628000006,
        0.43274882928,
        0.44097699628000003,
        0.41207891328,
        0.41343558028000005,
        0.41345078828000004,
        0.41043870528000004,
        0.41252474628,
        0.41265458028,
        0.41915191428000004,
        0.42710849728000005,
        0.43148112128000005,
        0.44568878828,
        0.42573049728000006,
        0.41108928828,
        0.41947312228000005,
        0.42545737228,
        0.43784249628000005,
        0.41842478828,
        0.42944395528000007,
        0.42215816328000005,
        0.42331641428000005,
        0.43601195428000006,
        0.42047070528
      ],
      "exit_codes": [
        1,
        1,
        1,
        1,
        1,
        1,
        1,
        1,
        1,
        1,
        1,
        1,
        1,
        1,
        1,
        1,
        1,
        1,
        1,
        1,
        1,
        1,
        1,
        1,
        1,
        1,
        1,
        1,
        1,
        1,
        1,
        1,
        1,
        1,
        1,
        1,
        1,
        1,
        1,
        1,
        1,
        1,
        1,
        1,
        1,
        1,
        1,
        1,
        1,
        1
      ]
    }
  ]
}
