{
  "results": [
    {
      "command": "target/release/reuko --only Layout/IndentationConsistency tmp/bench/large_indent_violations.rb",
      "mean": 0.4855092219,
      "stddev": 0.004452127669662429,
      "median": 0.48425973070000006,
      "user": 0.46442658000000003,
      "system": 0.01962942,
      "min": 0.48056300120000006,
      "max": 0.49516320920000007,
      "times": [
        0.48400558420000006,
        0.4841621682000001,
        0.49516320920000007,
        0.48153770920000005,
        0.48435729320000004,
        0.49117175120000006,
        0.48596425020000006,
        0.48281533420000006,
        0.48056300120000006,
        0.48535191820000007
      ],
      "exit_codes": [
        1,
        1,
        1,
        1,
        1,
        1,
        1,
        1,
        1,
        1
      ]
    },
    {
      "command": "rubocop --format quiet --only Layout/IndentationConsistency tmp/bench/large_indent_violations.rb",
      "mean": 0.41361329690000004,
      "stddev": 0.0036823623159214234,
      "median": 0.41262816770000005,
      "user": 0.38381308000000003,
      "system": 0.02839522,
      "min": 0.40942925120000007,
      "max": 0.42048966720000003,
      "times": [
        0.41849887620000004,
        0.40974858420000004,
        0.42048966720000003,
        0.41624391820000006,
        0.41101604220000004,
        0.41346395920000006,
        0.41291658420000005,
        0.41198633520000005,
        0.41233975120000005,
        0.40942925120000007
      ],
      "exit_codes": [
        1,
        1,
        1,
        1,
        1,
        1,
        1,
        1,
        1,
        1
      ]
    }
  ]
}
