{
  "results": [
    {
      "command": "target/release/reuko --only Layout/IndentationConsistency tmp/bench/large_indent_violations.rb",
      "mean": 0.4705178544499999,
      "stddev": 0.004213741867537498,
      "median": 0.46926285450000005,
      "user": 0.44968505000000014,
      "system": 0.019287599999999995,
      "min": 0.46623691700000003,
      "max": 0.47983266700000005,
      "times": [
        0.467586584,
        0.46667958400000004,
        0.469961667,
        0.46740616700000004,
        0.47038904200000003,
        0.47485375,
        0.47690291700000004,
        0.478488208,
        0.47012966700000003,
        0.47983266700000005,
        0.47327191700000004,
        0.46643862500000005,
        0.468564042,
        0.46623691700000003,
        0.472745917,
        0.467029417,
        0.467799709,
        0.466986917,
        0.467442375,
        0.471611
      ],
      "exit_codes": [
        1,
        1,
        1,
        1,
        1,
        1,
        1,
        1,
        1,
        1,
        1,
        1,
        1,
        1,
        1,
        1,
        1,
        1,
        1,
        1
      ]
    },
    {
      "command": "rubocop --format quiet --only Layout/IndentationConsistency tmp/bench/large_indent_violations.rb",
      "mean": 0.43041743360000007,
      "stddev": 0.03295326914224192,
      "median": 0.41891722950000004,
      "user": 0.39786920000000003,
      "system": 0.030491050000000002,
      "min": 0.406731958,
      "max": 0.550770292,
      "times": [
        0.41179062600000005,
        0.411830709,
        0.41284433400000004,
        0.441805041,
        0.550770292,
        0.46737570900000003,
        0.431872126,
        0.409947,
        0.42598429200000004,
        0.41346345900000003,
        0.406731958,
        0.422239167,
        0.41396779100000003,
        0.41231483300000005,
        0.41700266700000005,
        0.40817012500000005,
        0.42083179200000004,
        0.45476462500000003,
        0.448309375,
        0.426332751
      ],
      "exit_codes": [
        1,
        1,
        1,
        1,
        1,
        1,
        1,
        1,
        1,
        1,
        1,
        1,
        1,
        1,
        1,
        1,
        1,
        1,
        1,
        1
      ]
    }
  ]
}
