{
  "results": [
    {
      "command": "target/release/reuko --only Layout/IndentationConsistency tmp/bench/large_indent_violations.rb",
      "mean": 0.46887525014,
      "stddev": 0.0022071979420709084,
      "median": 0.4684685835,
      "user": 0.44935064,
      "system": 0.018509859999999996,
      "min": 0.465042875,
      "max": 0.47370350000000006,
      "times": [
        0.46512854200000003,
        0.47055841600000003,
        0.46672,
        0.472474292,
        0.471744916,
        0.465042875,
        0.46781675,
        0.471135958,
        0.465534875,
        0.46655116700000004,
        0.467926125,
        0.46710187500000006,
        0.46719525,
        0.466162666,
        0.468220375,
        0.46914345900000004,
        0.46886537500000003,
        0.468499292,
        0.467353834,
        0.46777675,
        0.47207337600000004,
        0.47045066700000004,
        0.470365917,
        0.467419209,
        0.473604167,
        0.468432999,
        0.468643958,
        0.468544958,
        0.47256275000000003,
        0.469902209,
        0.466735875,
        0.468591417,
        0.46798658400000004,
        0.47008862500000004,
        0.468318834,
        0.47370350000000006,
        0.46753916700000003,
        0.4719855,
        0.468437875,
        0.467255458,
        0.46807350000000003,
        0.473085334,
        0.466414125,
        0.46873370900000005,
        0.469262958,
        0.467387125,
        0.47110920900000003,
        0.470430459,
        0.46933845900000004,
        0.466331792
      ],
      "exit_codes": [
        1,
        1,
        1,
        1,
        1,
        1,
        1,
        1,
        1,
        1,
        1,
        1,
        1,
        1,
        1,
        1,
        1,
        1,
        1,
        1,
        1,
        1,
        1,
        1,
        1,
        1,
        1,
        1,
        1,
        1,
        1,
        1,
        1,
        1,
        1,
        1,
        1,
        1,
        1,
        1,
        1,
        1,
        1,
        1,
        1,
        1,
        1,
        1,
        1,
        1
      ]
    },
    {
      "command": "rubocop --format quiet --only Layout/IndentationConsistency tmp/bench/large_indent_violations.rb",
      "mean": 0.4171633218599998,
      "stddev": 0.020246371115751758,
      "median": 0.41290016650000005,
      "user": 0.38550298,
      "system": 0.030197980000000006,
      "min": 0.406939626,
      "max": 0.547097167,
      "times": [
        0.41850295800000004,
        0.413180459,
        0.41199687500000004,
        0.40751725000000005,
        0.413077334,
        0.417992833,
        0.408949125,
        0.40761508300000004,
        0.41179025,
        0.415938792,
        0.410778917,
        0.41106725000000005,
        0.41063491700000004,
        0.407209417,
        0.413782333,
        0.41306133300000003,
        0.406939626,
        0.413466667,
        0.41141075000000005,
        0.410306166,
        0.41127591700000005,
        0.41754808400000004,
        0.412739,
        0.41238595800000005,
        0.42156362500000005,
        0.41575945900000005,
        0.40930912500000005,
        0.40971833300000005,
        0.411914084,
        0.417912708,
        0.413568584,
        0.407899375,
        0.41446308400000004,
        0.41100687500000005,
        0.43011845800000004,
        0.547097167,
        0.451433709,
        0.420764792,
        0.41357345900000003,
        0.41756120900000004,
        0.411962292,
        0.413180417,
        0.410802667,
        0.40978958400000004,
        0.415449667,
        0.41193850000000004,
        0.408179208,
        0.413804167,
        0.424562584,
        0.43566566700000003
      ],
      "exit_codes": [
        1,
        1,
        1,
        1,
        1,
        1,
        1,
        1,
        1,
        1,
        1,
        1,
        1,
        1,
        1,
        1,
        1,
        1,
        1,
        1,
        1,
        1,
        1,
        1,
        1,
        1,
        1,
        1,
        1,
        1,
        1,
        1,
        1,
        1,
        1,
        1,
        1,
        1,
        1,
        1,
        1,
        1,
        1,
        1,
        1,
        1,
        1,
        1,
        1,
        1
      ]
    }
  ]
}
