{
  "results": [
    {
      "command": "target/release/reuko --only Layout/IndentationConsistency tmp/bench/large_indent_violations.rb",
      "mean": 0.47375142526000014,
      "stddev": 0.01932562211865869,
      "median": 0.4691279165,
      "user": 0.4525343199999999,
      "system": 0.02006869999999999,
      "min": 0.46352741700000005,
      "max": 0.599865584,
      "times": [
        0.46352741700000005,
        0.466065125,
        0.46564479200000003,
        0.47087529200000006,
        0.47172466700000004,
        0.466873209,
        0.46437870900000006,
        0.464357917,
        0.47199708300000004,
        0.46365170800000005,
        0.471439584,
        0.46381112500000005,
        0.471544208,
        0.478940917,
        0.468724501,
        0.466061208,
        0.46890795900000004,
        0.475236376,
        0.465345958,
        0.46715020900000004,
        0.46737004200000004,
        0.48123679100000005,
        0.599865584,
        0.49178595900000005,
        0.46785729200000004,
        0.47604595800000005,
        0.470365792,
        0.46906275000000003,
        0.46744029200000003,
        0.471313917,
        0.467288751,
        0.47973558400000005,
        0.46842183400000004,
        0.47213375,
        0.49229387500000005,
        0.48038025,
        0.469609292,
        0.46713066700000005,
        0.4743235,
        0.46891729200000004,
        0.468340542,
        0.46741475000000005,
        0.472705042,
        0.469367917,
        0.46886695800000006,
        0.47238316700000005,
        0.486649751,
        0.47600433400000003,
        0.469193083,
        0.46780858300000006
      ],
      "exit_codes": [
        1,
        1,
        1,
        1,
        1,
        1,
        1,
        1,
        1,
        1,
        1,
        1,
        1,
        1,
        1,
        1,
        1,
        1,
        1,
        1,
        1,
        1,
        1,
        1,
        1,
        1,
        1,
        1,
        1,
        1,
        1,
        1,
        1,
        1,
        1,
        1,
        1,
        1,
        1,
        1,
        1,
        1,
        1,
        1,
        1,
        1,
        1,
        1,
        1,
        1
      ]
    },
    {
      "command": "rubocop --format quiet --only Layout/IndentationConsistency tmp/bench/large_indent_violations.rb",
      "mean": 0.4145039152,
      "stddev": 0.004623863807741433,
      "median": 0.41398927150000003,
      "user": 0.3837033000000001,
      "system": 0.029242000000000004,
      "min": 0.40596387500000003,
      "max": 0.42788616700000004,
      "times": [
        0.42491083300000004,
        0.414337917,
        0.408892458,
        0.40957750000000004,
        0.42788616700000004,
        0.41801358400000005,
        0.41039816700000004,
        0.415243542,
        0.41708020900000004,
        0.408379833,
        0.420870834,
        0.41199158300000005,
        0.407624166,
        0.41003812500000003,
        0.41625295900000003,
        0.42079275000000005,
        0.40596387500000003,
        0.41427270800000005,
        0.41218254200000004,
        0.41448079200000004,
        0.418548458,
        0.41447000100000003,
        0.41401379200000005,
        0.413633042,
        0.413470167,
        0.41872625,
        0.41255179200000003,
        0.410303417,
        0.41159287600000005,
        0.417767708,
        0.41100229200000005,
        0.413964751,
        0.41880779100000004,
        0.40871500000000005,
        0.417720042,
        0.416657084,
        0.41263129200000004,
        0.40931412500000003,
        0.416099459,
        0.41420975000000004,
        0.417919959,
        0.41357016700000004,
        0.409100583,
        0.420794459,
        0.41233066700000004,
        0.42306987500000004,
        0.411853917,
        0.41141408300000004,
        0.412252542,
        0.419499875
      ],
      "exit_codes": [
        1,
        1,
        1,
        1,
        1,
        1,
        1,
        1,
        1,
        1,
        1,
        1,
        1,
        1,
        1,
        1,
        1,
        1,
        1,
        1,
        1,
        1,
        1,
        1,
        1,
        1,
        1,
        1,
        1,
        1,
        1,
        1,
        1,
        1,
        1,
        1,
        1,
        1,
        1,
        1,
        1,
        1,
        1,
        1,
        1,
        1,
        1,
        1,
        1,
        1
      ]
    }
  ]
}
