{
  "results": [
    {
      "command": "target/release/reuko tmp/bench/large_indent_violations.rb",
      "mean": 0.30933835858,
      "stddev": 0.007168755454277039,
      "median": 0.30621455468000003,
      "user": 0.28360991999999996,
      "system": 0.02411414,
      "min": 0.30305099168000005,
      "max": 0.32296190768000005,
      "times": [
        0.30527528368,
        0.32296190768000005,
        0.31497557568,
        0.31934936668,
        0.30834757568000004,
        0.30364182568000003,
        0.30335194968,
        0.30599682568000003,
        0.30643228368000003,
        0.30305099168000005
      ],
      "exit_codes": [
        1,
        1,
        1,
        1,
        1,
        1,
        1,
        1,
        1,
        1
      ]
    },
    {
      "command": "rubocop --format quiet tmp/bench/large_indent_violations.rb",
      "mean": 0.23093752108000004,
      "stddev": 0.008641654799832638,
      "median": 0.23088274218000004,
      "user": 0.16557691999999996,
      "system": 0.007574140000000002,
      "min": 0.21993699168000003,
      "max": 0.24261203368000003,
      "times": [
        0.24218228368000003,
        0.23145186668000003,
        0.23858215768000002,
        0.22176811768000002,
        0.21993699168000003,
        0.22374203368000004,
        0.23031361768000003,
        0.22273590868000004,
        0.23605019968000002,
        0.24261203368000003
      ],
      "exit_codes": [
        1,
        1,
        1,
        1,
        1,
        1,
        1,
        1,
        1,
        1
      ]
    }
  ]
}
