{
  "results": [
    {
      "command": "target/release/reuko --only Layout/TrailingWhitespace tmp/bench/large_tw_violations.rb",
      "mean": 0.055955576949999995,
      "stddev": 0.003882766543531701,
      "median": 0.0543305835,
      "user": 0.04384855,
      "system": 0.0109193,
      "min": 0.052592708,
      "max": 0.06974883400000001,
      "times": [
        0.052592708,
        0.053332708000000006,
        0.057347458000000004,
        0.058690541000000006,
        0.056023917000000006,
        0.05396083300000001,
        0.053332041000000004,
        0.056263208,
        0.056029667000000005,
        0.053644833,
        0.053393333,
        0.054109208000000006,
        0.054247250000000004,
        0.054413917000000006,
        0.053304083,
        0.053368125,
        0.057016500000000005,
        0.06974883400000001,
        0.058198667,
        0.060093708
      ],
      "exit_codes": [
        1,
        1,
        1,
        1,
        1,
        1,
        1,
        1,
        1,
        1,
        1,
        1,
        1,
        1,
        1,
        1,
        1,
        1,
        1,
        1
      ]
    },
    {
      "command": "rubocop --format quiet --only Layout/TrailingWhitespace tmp/bench/large_tw_violations.rb",
      "mean": 0.40992754205,
      "stddev": 0.00444467098428901,
      "median": 0.4095087715,
      "user": 0.37956310000000004,
      "system": 0.0288433,
      "min": 0.404255959,
      "max": 0.42058679200000004,
      "times": [
        0.41569279200000003,
        0.405170209,
        0.41508962600000004,
        0.411561875,
        0.404255959,
        0.42058679200000004,
        0.409995084,
        0.410352333,
        0.409587417,
        0.405908084,
        0.417971584,
        0.4084005,
        0.40819304100000003,
        0.409872917,
        0.40437458400000004,
        0.410417417,
        0.409430126,
        0.408337667,
        0.407875417,
        0.405477417
      ],
      "exit_codes": [
        1,
        1,
        1,
        1,
        1,
        1,
        1,
        1,
        1,
        1,
        1,
        1,
        1,
        1,
        1,
        1,
        1,
        1,
        1,
        1
      ]
    }
  ]
}
