{
  "results": [
    {
      "command": "target/release/reuko --only Layout/TrailingWhitespace,Layout/IndentationWidth,Layout/IndentationConsistency tmp/bench/large.rb",
      "mean": 0.09265667282,
      "stddev": 0.014448617280830746,
      "median": 0.08921764582000001,
      "user": 0.08397359764705883,
      "system": 0.007584979999999998,
      "min": 0.08673793782000001,
      "max": 0.17205777182,
      "times": [
        0.08692168782000001,
        0.09133297882000001,
        0.17205777182,
        0.09165943782000001,
        0.08918406182000001,
        0.08673793782000001,
        0.08764968682000002,
        0.08925122982000001,
        0.10298410482000002,
        0.08949702182000001,
        0.09126081282000001,
        0.08773235382000001,
        0.09784764582000001,
        0.09591097882,
        0.09231435382000001,
        0.09034356182000002,
        0.09262739582000001,
        0.08889902182000001,
        0.09048660382000001,
        0.08677377082000001,
        0.08787006282000001,
        0.08793968782000001,
        0.08817952082000001,
        0.09017739582,
        0.08963085382000001,
        0.08759547882000002,
        0.08886310382000001,
        0.09356160382,
        0.08749860382,
        0.08849847882000002,
        0.08835789582000002,
        0.09427018782000002,
        0.08830893782000002,
        0.08810264582
      ],
      "exit_codes": [
        0,
        0,
        0,
        0,
        0,
        0,
        0,
        0,
        0,
        0,
        0,
        0,
        0,
        0,
        0,
        0,
        0,
        0,
        0,
        0,
        0,
        0,
        0,
        0,
        0,
        0,
        0,
        0,
        0,
        0,
        0,
        0,
        0,
        0
      ]
    },
    {
      "command": "rubocop --server --only Layout/TrailingWhitespace,Layout/IndentationWidth,Layout/IndentationConsistency tmp/bench/large.rb",
      "mean": 0.2402714514033333,
      "stddev": 0.009080357505098984,
      "median": 0.23644214582,
      "user": 0.1816268133333333,
      "system": 0.007423563333333334,
      "min": 0.22845135482,
      "max": 0.25671822882,
      "times": [
        0.23408656282,
        0.25671822882,
        0.24235027082000002,
        0.23365631182000002,
        0.24876289582000002,
        0.23518843782,
        0.23618677082000003,
        0.25377227082,
        0.24561381282000003,
        0.22845135482,
        0.23177297882000003,
        0.23669752082
      ],
      "exit_codes": [
        0,
        0,
        0,
        0,
        0,
        0,
        0,
        0,
        0,
        0,
        0,
        0
      ]
    }
  ]
}
