{
  "results": [
    {
      "command": "target/release/reuko --only Layout/IndentationConsistency tmp/bench/large_indent_violations.rb",
      "mean": 0.46691834378,
      "stddev": 0.004533872605317619,
      "median": 0.46590819398000005,
      "user": 0.44773698,
      "system": 0.01768586,
      "min": 0.46181833948000006,
      "max": 0.47439846448000006,
      "times": [
        0.46229925648000003,
        0.4701378814800001,
        0.46682588148000004,
        0.46499050648000007,
        0.47367158948000004,
        0.47439846448000006,
        0.46745533948000006,
        0.46274758948000005,
        0.46181833948000006,
        0.46483858948000006
      ],
      "exit_codes": [
        1,
        1,
        1,
        1,
        1,
        1,
        1,
        1,
        1,
        1
      ]
    },
    {
      "command": "rubocop --format quiet --only Layout/IndentationConsistency tmp/bench/large_indent_violations.rb",
      "mean": 0.44082245178000007,
      "stddev": 0.05661586922491924,
      "median": 0.41773871448,
      "user": 0.40913168000000005,
      "system": 0.029796059999999996,
      "min": 0.40610808848,
      "max": 0.58942892248,
      "times": [
        0.41176404648000003,
        0.40610808848,
        0.44894758948,
        0.58942892248,
        0.47600196448000004,
        0.42156296448,
        0.41652883948,
        0.41894858948,
        0.41109467348000006,
        0.40783883948000005
      ],
      "exit_codes": [
        1,
        1,
        1,
        1,
        1,
        1,
        1,
        1,
        1,
        1
      ]
    }
  ]
}
