{
  "results": [
    {
      "command": "target/release/reuko --only Layout/IndentationConsistency tmp/bench/large_indent_violations.rb",
      "mean": 0.48248776190000003,
      "stddev": 0.04669061193775284,
      "median": 0.46760588680000004,
      "user": 0.46165915999999996,
      "system": 0.01981124,
      "min": 0.4638826998000001,
      "max": 0.6149965748,
      "times": [
        0.6149965748,
        0.46704007480000004,
        0.46817169880000004,
        0.46489153280000006,
        0.46472449080000006,
        0.46858744880000003,
        0.4638826998000001,
        0.4751715328000001,
        0.47186899080000005,
        0.46554257480000005
      ],
      "exit_codes": [
        1,
        1,
        1,
        1,
        1,
        1,
        1,
        1,
        1,
        1
      ]
    },
    {
      "command": "rubocop --format quiet --only Layout/IndentationConsistency tmp/bench/large_indent_violations.rb",
      "mean": 0.41319487860000004,
      "stddev": 0.003077274451465775,
      "median": 0.41262059580000005,
      "user": 0.38113235999999995,
      "system": 0.03063594,
      "min": 0.40950036680000007,
      "max": 0.4183808238000001,
      "times": [
        0.4183808238000001,
        0.40950036680000007,
        0.41309894980000006,
        0.4138375738,
        0.41483740780000006,
        0.41214224180000003,
        0.41021690780000003,
        0.41189836580000005,
        0.41779632480000006,
        0.41023982380000007
      ],
      "exit_codes": [
        1,
        1,
        1,
        1,
        1,
        1,
        1,
        1,
        1,
        1
      ]
    }
  ]
}
