{
  "results": [
    {
      "command": "target/release/reuko --only Layout/IndentationWidth tmp/bench/large_indent_violations.rb",
      "mean": 0.2881390085400001,
      "stddev": 0.0023799020920803526,
      "median": 0.28774655874000005,
      "user": 0.27442146,
      "system": 0.01212794,
      "min": 0.28557939174,
      "max": 0.29353884974000005,
      "times": [
        0.29353884974000005,
        0.28857797574000005,
        0.29046689174000007,
        0.28814460074000003,
        0.28734851674000006,
        0.28608701674000003,
        0.28829805874000003,
        0.28717572474,
        0.28617305874000004,
        0.28557939174
      ],
      "exit_codes": [
        0,
        0,
        0,
        0,
        0,
        0,
        0,
        0,
        0,
        0
      ]
    },
    {
      "command": "rubocop --format quiet --only Layout/IndentationWidth tmp/bench/large_indent_violations.rb",
      "mean": 0.41263691684000003,
      "stddev": 0.003864504362135824,
      "median": 0.41279245424000005,
      "user": 0.3808322599999999,
      "system": 0.030265240000000006,
      "min": 0.40733197474000005,
      "max": 0.41757155874000007,
      "times": [
        0.41728759974000007,
        0.41577439174,
        0.40784118374000006,
        0.41075568374000004,
        0.40733197474000005,
        0.41757155874000007,
        0.41494655874,
        0.40991205874000003,
        0.41482922474000006,
        0.41011893374
      ],
      "exit_codes": [
        1,
        1,
        1,
        1,
        1,
        1,
        1,
        1,
        1,
        1
      ]
    }
  ]
}
