{
  "results": [
    {
      "command": "target/release/reuko tmp/bench/medium.rb",
      "mean": 0.00759399506,
      "stddev": 0.0004165717651407605,
      "median": 0.00755645366,
      "user": 0.00569396,
      "system": 0.001086344,
      "min": 0.00702549466,
      "max": 0.00822999566,
      "times": [
        0.00822999566,
        0.00818703666,
        0.0075102866600000005,
        0.00792291166,
        0.00721336966,
        0.00760262066,
        0.00702549466,
        0.00719261966,
        0.0076896616599999995,
        0.00736595366
      ],
      "exit_codes": [
        0,
        0,
        0,
        0,
        0,
        0,
        0,
        0,
        0,
        0
      ]
    },
    {
      "command": "rubocop --server --format quiet tmp/bench/medium.rb",
      "mean": 0.23947329926000008,
      "stddev": 0.014243091506962853,
      "median": 0.23510282866000004,
      "user": 0.18277395999999996,
      "system": 0.0077950799999999985,
      "min": 0.22734070266000003,
      "max": 0.26590124466000004,
      "times": [
        0.26472874466,
        0.23032812066000002,
        0.22783253666000003,
        0.23133111966000003,
        0.23874387066000002,
        0.22734070266000003,
        0.23220295366000002,
        0.23800270366000004,
        0.23832099566000003,
        0.26590124466000004
      ],
      "exit_codes": [
        1,
        1,
        1,
        1,
        1,
        1,
        1,
        1,
        1,
        1
      ]
    }
  ]
}
