{
  "results": [
    {
      "command": "target/release/reuko --only Layout/TrailingWhitespace,Layout/IndentationWidth,Layout/IndentationConsistency tmp/bench/medium.rb",
      "mean": 0.008243503057170412,
      "stddev": 0.002145845823142514,
      "median": 0.00776590098,
      "user": 0.0059225250160771705,
      "system": 0.001563613118971061,
      "min": 0.006851567980000001,
      "max": 0.02954719298,
      "times": [
        0.009289151980000002,
        0.00912477698,
        0.008903401980000001,
        0.008480692980000001,
        0.008862859980000002,
        0.008447234980000001,
        0.008392359980000002,
        0.00839256898,
        0.008698109980000002,
        0.008544609980000001,
        0.009276609980000001,
        0.008188734980000001,
        0.008497734980000001,
        0.008831234980000002,
        0.00807269298,
        0.008110651980000001,
        0.008441234980000002,
        0.008360525980000002,
        0.008198359980000002,
        0.008051901980000001,
        0.007905901980000001,
        0.008277568980000002,
        0.008316317980000001,
        0.008012276980000002,
        0.007880151980000001,
        0.007870192980000001,
        0.00805685998,
        0.007740026980000001,
        0.007892859980000002,
        0.00821319298,
        0.008459859980000001,
        0.00777852598,
        0.009898359980000002,
        0.014235943980000002,
        0.02118073498,
        0.019140109980000004,
        0.014883901980000001,
        0.02954719298,
        0.01865444298,
        0.008240068980000001,
        0.008228943980000002,
        0.007674234980000001,
        0.007988234980000002,
        0.008053526980000001,
        0.012991526980000001,
        0.01017285998,
        0.017223568980000003,
        0.00993652698,
        0.01638944398,
        0.00848523498,
        0.00807702698,
        0.008286193980000002,
        0.00783135998,
        0.008198109980000002,
        0.008074776980000002,
        0.008192526980000002,
        0.008089443980000001,
        0.008064150980000002,
        0.00831765098,
        0.00833740198,
        0.008130484980000002,
        0.00774777698,
        0.00776590098,
        0.00774927598,
        0.008089775980000002,
        0.008146692980000002,
        0.007870359980000002,
        0.007929192980000001,
        0.00792498498,
        0.008036067980000002,
        0.00825540098,
        0.007967025980000002,
        0.008091526980000001,
        0.008204859980000001,
        0.008504484980000001,
        0.008327901980000002,
        0.008123984980000002,
        0.008672734980000001,
        0.008282650980000002,
        0.008001942980000001,
        0.008206692980000001,
        0.008012276980000002,
        0.008180984980000002,
        0.008074401980000001,
        0.008308734980000001,
        0.008186901980000001,
        0.009370234980000001,
        0.013563818980000001,
        0.008485818980000002,
        0.008160942980000002,
        0.00797160998,
        0.008039901980000002,
        0.00879115098,
        0.00862210998,
        0.009469150980000002,
        0.010552984980000001,
        0.015864984980000003,
        0.012895109980000001,
        0.011526359980000001,
        0.012271609980000002,
        0.009917275980000001,
        0.00854773498,
        0.009328026980000001,
        0.009168400980000001,
        0.00832131898,
        0.007929568980000001,
        0.007854359980000001,
        0.00743677598,
        0.008393484980000001,
        0.00810490198,
        0.008344776980000001,
        0.00772152698,
        0.00771694298,
        0.007546234980000001,
        0.008209651980000001,
        0.00812740198,
        0.00828669398,
        0.00770556898,
        0.007938109980000002,
        0.007665984980000001,
        0.007827942980000002,
        0.008344234980000002,
        0.007862109980000002,
        0.007423276980000001,
        0.0074480679800000005,
        0.007499442980000001,
        0.00755331898,
        0.00764069298,
        0.00771719298,
        0.007418359980000001,
        0.00732019298,
        0.007510442980000001,
        0.00724131798,
        0.007142609980000001,
        0.0073661099800000004,
        0.00715794298,
        0.00714581798,
        0.007280568980000001,
        0.007166818980000001,
        0.00750640098,
        0.007729568980000001,
        0.00708227598,
        0.0070786519800000005,
        0.007055900980000001,
        0.0073192759800000005,
        0.00722015098,
        0.007444026980000001,
        0.0073479849800000005,
        0.007114943980000001,
        0.007170359980000001,
        0.0071268599800000006,
        0.007110942980000001,
        0.0071822349800000004,
        0.0073275679800000005,
        0.007250900980000001,
        0.0071311939800000005,
        0.007311693980000001,
        0.006956150980000001,
        0.0072339019800000005,
        0.00740765098,
        0.007470442980000001,
        0.00735448498,
        0.00791260998,
        0.007281776980000001,
        0.00718298498,
        0.00742244398,
        0.008957484980000001,
        0.00727256798,
        0.00789069298,
        0.007121775980000001,
        0.0072095679800000005,
        0.007377609980000001,
        0.007279734980000001,
        0.00734481798,
        0.007090276980000001,
        0.00716048498,
        0.0072729019800000004,
        0.00715652698,
        0.007325067980000001,
        0.00738423498,
        0.0072291099800000005,
        0.00712965198,
        0.0072998179800000005,
        0.0077624849800000005,
        0.007199109980000001,
        0.00718373498,
        0.00737523498,
        0.00721781798,
        0.007316984980000001,
        0.00746385998,
        0.008769526980000001,
        0.008992359980000001,
        0.0074728599800000005,
        0.007265401980000001,
        0.007107775980000001,
        0.00727169298,
        0.00722315198,
        0.007160401980000001,
        0.00738748498,
        0.00724898498,
        0.00746440198,
        0.007507776980000001,
        0.007704359980000001,
        0.0072048599800000005,
        0.00741281898,
        0.00757144298,
        0.007351568980000001,
        0.00733594298,
        0.007136942980000001,
        0.006851567980000001,
        0.007189359980000001,
        0.00729081798,
        0.007644651980000001,
        0.00717315198,
        0.0070885259800000005,
        0.0075881939800000004,
        0.0071515269800000005,
        0.00735123498,
        0.00740902698,
        0.007346525980000001,
        0.007316859980000001,
        0.008642234980000002,
        0.008772567980000002,
        0.010724400980000002,
        0.012076275980000002,
        0.01165852598,
        0.00761144298,
        0.007986818980000001,
        0.00759044298,
        0.00728994298,
        0.0074615689800000004,
        0.00745115198,
        0.007362317980000001,
        0.007257234980000001,
        0.007183817980000001,
        0.00755735998,
        0.007322651980000001,
        0.0073452759800000005,
        0.00721498498,
        0.007814984980000002,
        0.00733406798,
        0.00761519298,
        0.00727210998,
        0.007404693980000001,
        0.0074645679800000005,
        0.00729560998,
        0.00715594398,
        0.00718215098,
        0.00755819398,
        0.00773494298,
        0.007385359980000001,
        0.00711131798,
        0.007371400980000001,
        0.007183067980000001,
        0.007335900980000001,
        0.007556734980000001,
        0.00711535998,
        0.007308901980000001,
        0.007748068980000001,
        0.00733869298,
        0.008103525980000002,
        0.007648484980000001,
        0.00771894298,
        0.00725156898,
        0.0072603599800000005,
        0.007435526980000001,
        0.007220401980000001,
        0.00743885998,
        0.0072213599800000005,
        0.0073179429800000004,
        0.00735019398,
        0.007243567980000001,
        0.007199526980000001,
