{
  "results": [
    {
      "command": "target/release/reuko --only Layout/TrailingWhitespace,Layout/IndentationWidth,Layout/IndentationConsistency tmp/bench/medium.rb",
      "mean": 0.007330903743636367,
      "stddev": 0.0005259726619244974,
      "median": 0.00720165188,
      "user": 0.005507995681818184,
      "system": 0.0012157078409090903,
      "min": 0.00676344488,
      "max": 0.011894027880000001,
      "times": [
        0.008210402880000002,
        0.00841552788,
        0.008144693880000001,
        0.00842294388,
        0.00818136088,
        0.00778052788,
        0.00820127688,
        0.007853110880000002,
        0.00828669488,
        0.007616652880000001,
        0.00815048588,
        0.007553651880000001,
        0.008416985880000002,
        0.00771944388,
        0.008093485880000001,
        0.008546735880000001,
        0.00762136088,
        0.00730011088,
        0.00732015288,
        0.00710990288,
        0.007556818880000001,
        0.00719694388,
        0.00718486088,
        0.00694644388,
        0.0068593188800000005,
        0.00693440288,
        0.00721394488,
        0.00726252788,
        0.00692723588,
        0.00712236088,
        0.006986943880000001,
        0.00711506988,
        0.006938860880000001,
        0.00737006888,
        0.007246318880000001,
        0.00736048588,
        0.007158319880000001,
        0.00700698588,
        0.00714977788,
        0.00711506988,
        0.00715961088,
        0.0069101108800000005,
        0.00711727788,
        0.006830818880000001,
        0.00699636088,
        0.00701048588,
        0.007287152880000001,
        0.007179443880000001,
        0.00693552788,
        0.00691852688,
        0.0071404028800000005,
        0.00714286088,
        0.00705736088,
        0.00737340288,
        0.0071551528800000005,
        0.00703836088,
        0.0072330688800000004,
        0.00716277688,
        0.00740386088,
        0.00717406988,
        0.0073536938800000005,
        0.00728140288,
        0.006998651880000001,
        0.00693069388,
        0.00692948588,
        0.00712619388,
        0.00741319388,
        0.007891610880000002,
        0.00768423588,
        0.007786401880000001,
        0.007611652880000001,
        0.007967402880000002,
        0.00775677788,
        0.007224194880000001,
        0.0070813188800000005,
        0.00758036088,
        0.00866198588,
        0.00917802688,
        0.008492068880000002,
        0.0077079018800000005,
        0.00829556988,
        0.00727848588,
        0.00747011088,
        0.00717702688,
        0.00738686088,
        0.00755715288,
        0.00761136088,
        0.00729844388,
        0.007184235880000001,
        0.00773677688,
        0.00721211088,
        0.00788640288,
        0.00798711088,
        0.0074182768800000005,
        0.00777727788,
        0.007380360880000001,
        0.0075008198800000005,
        0.0073931948800000005,
        0.0071408608800000006,
        0.00718869388,
        0.00697273588,
        0.00683677688,
        0.00728544388,
        0.007063735880000001,
        0.007660152880000001,
        0.00730190288,
        0.00720802688,
        0.007416318880000001,
        0.0074439028800000005,
        0.00741431888,
        0.00716231888,
        0.00763127788,
        0.00748881888,
        0.00711165288,
        0.00686265288,
        0.00692123588,
        0.00716465188,
        0.007317402880000001,
        0.007562902880000001,
        0.007608360880000001,
        0.00733790188,
        0.007009443880000001,
        0.00720177688,
        0.00696344488,
        0.00735473588,
        0.0069439858800000006,
        0.00696202788,
        0.00685415188,
        0.00688752788,
        0.0070380278800000005,
        0.00707169388,
        0.00723644388,
        0.00714715188,
        0.00709156888,
        0.00686331888,
        0.00690852788,
        0.00723086088,
        0.00739173588,
        0.007354777880000001,
        0.0070289448800000005,
        0.007074901880000001,
        0.00678315188,
        0.00720019488,
        0.00707402788,
        0.00709581888,
        0.00717106888,
        0.00737177788,
        0.007861360880000001,
        0.009936027880000002,
        0.009942943880000001,
        0.01108827788,
        0.007939610880000001,
        0.00727827688,
        0.00704148588,
        0.00696177688,
        0.00715927788,
        0.00738923588,
        0.00709481888,
        0.00696106988,
        0.0071385688800000005,
        0.00684969488,
        0.006812235880000001,
        0.006849068880000001,
        0.0072159028800000006,
        0.007544610880000001,
        0.00731369388,
        0.00718269488,
        0.00743119388,
        0.00722827788,
        0.00748802788,
        0.00740211088,
        0.00797802788,
        0.009816818880000001,
        0.00785352788,
        0.008070652880000001,
        0.011894027880000001,
        0.00815106988,
        0.00733798588,
        0.00758561088,
        0.007608402880000001,
        0.007424943880000001,
        0.00711602788,
        0.00711177688,
        0.00701723588,
        0.00712444388,
        0.00738119388,
        0.00731102788,
        0.0071251948800000004,
        0.00733573588,
        0.00709948588,
        0.00694031888,
        0.00709386088,
        0.00713236088,
        0.00711244488,
        0.00714602788,
        0.00734861088,
        0.0071303608800000005,
        0.00710331988,
        0.00736081888,
        0.00696806888,
        0.00702773588,
        0.00729236088,
        0.00716736088,
        0.007086777880000001,
        0.0070249438800000005,
        0.00714631888,
        0.00711798588,
        0.00728044388,
        0.00733548588,
        0.00720836088,
        0.0072032358800000005,
        0.00710115288,
        0.00719265188,
        0.00718090288,
        0.00712511088,
        0.007251110880000001,
        0.00751540288,
        0.0075423198799999995,
        0.00722644388,
        0.00734136088,
        0.0072527358800000006,
        0.00744936088,
        0.00721481888,
        0.00716223588,
        0.007636610880000001,
        0.008200777880000001,
        0.00749827688,
        0.00705615288,
        0.0073936528800000005,
        0.0071235698800000006,
        0.00704336088,
        0.00725573588,
        0.00724244388,
        0.007131360880000001,
        0.00740890288,
        0.007136943880000001,
        0.00706836088,
        0.007185110880000001,
        0.00716273588,
        0.00723994388,
        0.00702902788,
        0.007423610880000001,
        0.00738590188,
        0.00724198588,
        0.00710948588,
        0.00684298588,
        0.0069943198800000005,
        0.00709156888,
        0.00727744488,
        0.00726961188,
        0.007108944880000001,
        0.00699323588,
        0.007033360880000001,
        0.007201526880000001,
        0.007228152880000001,
        0.0072921528800000005,
        0.0070710278800000005,
        0.00730406888,
        0.007080151880000001,
        0.007148651880000001,
        0.00702536088,
        0.00742648588,
        0.0073177358800000005,
        0.00700069488,
        0.0070488608800000005,
        0.00688390288,
        0.006961360880000001,
        0.00716252788,
        0.008116485880000001,
        0.00736327688,
        0.00736173588,
        0.0069873198800000005,
        0.007071943880000001,
        0.00715277688,
        0.00719702688,
        0.00700752788,
        0.0070779028800000005,
        0.00737261088,
        0.00731056888,
        0.00703469488,
        0.00695706888,
        0.00741219488,
        0.00746056888,
        0.00705831888,
        0.00703219388,
        0.00688344388,
        0.00711023588,
        0.00713631888,
        0.0075592778800000005,
        0.007316985880000001,
        0.00725356888,
        0.00728177688,
        0.00718465188,
        0.00707973588,
        0.0073051528800000005,
        0.007307902880000001,
        0.00700490188,
