{
  "results": [
    {
      "command": "target/release/reuko tmp/bench/medium.rb",
      "mean": 0.007331562720000001,
      "stddev": 0.0006244374760515697,
      "median": 0.007008649820000001,
      "user": 0.005518039999999999,
      "system": 0.0011914799999999998,
      "min": 0.006626670820000001,
      "max": 0.00842450482,
      "times": [
        0.00798062982,
        0.00842450482,
        0.00802442082,
        0.007599587820000001,
        0.006626670820000001,
        0.007013670820000001,
        0.007003628820000001,
        0.006756087820000001,
        0.006984004820000001,
        0.006902420820000001
      ],
      "exit_codes": [
        0,
        0,
        0,
        0,
        0,
        0,
        0,
        0,
        0,
        0
      ]
    },
    {
      "command": "rubocop --format quiet tmp/bench/medium.rb",
      "mean": 0.39352410872000004,
      "stddev": 0.01176695886999636,
      "median": 0.38889940082,
      "user": 0.36419184,
      "system": 0.028285599999999994,
      "min": 0.37980521282,
      "max": 0.41613696282,
      "times": [
        0.41081012982000004,
        0.41613696282,
        0.39988162882,
        0.37980521282,
        0.38658392082000004,
        0.38501858782000004,
        0.39218196282,
        0.38702387982,
        0.38903679682000003,
        0.38876200482
      ],
      "exit_codes": [
        1,
        1,
        1,
        1,
        1,
        1,
        1,
        1,
        1,
        1
      ]
    }
  ]
}
