{
  "results": [
    {
      "command": "target/release/reuko testdata/layout/test.rb",
      "mean": 0.0024658348,
      "stddev": 0.00036325523829862236,
      "median": 0.0024476218,
      "user": 0.00036400599999999994,
      "system": 0.0009686239999999999,
      "min": 0.0019197263000000002,
      "max": 0.0032671433000000002,
      "times": [
        0.0024998103,
        0.0022754353000000002,
        0.0027021843000000004,
        0.0023858933,
        0.0024795593,
        0.0032671433000000002,
        0.0026023933000000003,
        0.0024156843,
        0.0021105183,
        0.0019197263000000002
      ],
      "exit_codes": [
        0,
        0,
        0,
        0,
        0,
        0,
        0,
        0,
        0,
        0
      ]
    },
    {
      "command": "rubocop --format quiet testdata/layout/test.rb",
      "mean": 0.3874665142,
      "stddev": 0.005809192934920848,
      "median": 0.3865264143,
      "user": 0.35960234,
      "system": 0.026727479999999998,
      "min": 0.38069985230000003,
      "max": 0.3979630603,
      "times": [
        0.38069985230000003,
        0.38553464330000004,
        0.3842271853,
        0.3827016013,
        0.3809509763,
        0.38751818530000004,
        0.39479830930000004,
        0.3905638523,
        0.3897074763,
        0.3979630603
      ],
      "exit_codes": [
        1,
        1,
        1,
        1,
        1,
        1,
        1,
        1,
        1,
        1
      ]
    }
  ]
}
