{
  "results": [
    {
      "command": "target/release/reuko testdata/layout/test.rb",
      "mean": 0.0023782326000000003,
      "stddev": 0.0003432555186511776,
      "median": 0.0023369700000000003,
      "user": 0.0008691519999999998,
      "system": 0.00041487,
      "min": 0.0018575949999999999,
      "max": 0.002910095,
      "times": [
        0.002775262,
        0.002910095,
        0.00268022,
        0.0023470950000000004,
        0.0025366370000000004,
        0.0022220530000000003,
        0.0020078450000000003,
        0.002326845,
        0.002118679,
        0.0018575949999999999
      ],
      "exit_codes": [
        0,
        0,
        0,
        0,
        0,
        0,
        0,
        0,
        0,
        0
      ]
    },
    {
      "command": "rubocop --server --format quiet testdata/layout/test.rb",
      "mean": 0.23647513270000003,
      "stddev": 0.00476470577819081,
      "median": 0.23688005350000002,
      "user": 0.17907518,
      "system": 0.008472839999999999,
      "min": 0.22643409500000003,
      "max": 0.24199826200000002,
      "times": [
        0.235573887,
        0.23219005400000003,
        0.24008134500000003,
        0.23613422000000003,
        0.23377472000000002,
        0.24199826200000002,
        0.24017447000000003,
        0.24076438700000002,
        0.23762588700000004,
        0.22643409500000003
      ],
      "exit_codes": [
        1,
        1,
        1,
        1,
        1,
        1,
        1,
        1,
        1,
        1
      ]
    }
  ]
}
