{
  "results": [
    {
      "command": "target/release/reuko --only Layout/TrailingWhitespace,Layout/IndentationWidth,Layout/IndentationConsistency tmp/bench/large.rb",
      "mean": 0.08850904557411765,
      "stddev": 0.0027774815485231436,
      "median": 0.08770536178000002,
      "user": 0.07982330705882353,
      "system": 0.007550496470588233,
      "min": 0.08586344528,
      "max": 0.09828436228000001,
      "times": [
        0.08611644428000001,
        0.09828436228000001,
        0.09464198628,
        0.08999044428000001,
        0.08700523628000001,
        0.08715286228,
        0.09639411228000001,
        0.08964656928,
        0.08762769528000001,
        0.08834936228000001,
        0.08766632028000002,
        0.08586344528,
        0.08588694528000002,
        0.08756686128,
        0.08705477928000001,
        0.08912898728000002,
        0.08876561228,
        0.08684198628,
        0.08602423728000001,
        0.08683423628,
        0.08889419528,
        0.08933511128,
        0.08692765328,
        0.08836752828000001,
        0.08981465328,
        0.08700057028000001,
        0.08678765328000002,
        0.08816377828000001,
        0.08774440328000001,
        0.08805169528000001,
        0.08807882028000001,
        0.08898782028,
        0.08702623628000002,
        0.08728494528000001
      ],
      "exit_codes": [
        0,
        0,
        0,
        0,
        0,
        0,
        0,
        0,
        0,
        0,
        0,
        0,
        0,
        0,
        0,
        0,
        0,
        0,
        0,
        0,
        0,
        0,
        0,
        0,
        0,
        0,
        0,
        0,
        0,
        0,
        0,
        0,
        0,
        0
      ]
    },
    {
      "command": "rubocop --only Layout/TrailingWhitespace,Layout/IndentationWidth,Layout/IndentationConsistency tmp/bench/large.rb",
      "mean": 0.40177520748000006,
      "stddev": 0.002518583219137782,
      "median": 0.40194242428000004,
      "user": 0.37041366,
      "system": 0.030115020000000003,
      "min": 0.39766544428,
      "max": 0.40634111228,
      "times": [
        0.40634111228,
        0.40108777828000003,
        0.39766544428,
        0.40208869528,
        0.40179615328,
        0.40311331928000005,
        0.40226915428000004,
        0.40372882028,
        0.39819252828,
        0.40146906928000003
      ],
      "exit_codes": [
        0,
        0,
        0,
        0,
        0,
        0,
        0,
        0,
        0,
        0
      ]
    }
  ]
}
