{
  "results": [
    {
      "command": "target/release/reuko --only Layout/TrailingWhitespace tmp/bench/large.rb",
      "mean": 0.07200957752,
      "stddev": 0.0019885312023457365,
      "median": 0.07163649852000001,
      "user": 0.06406317999999998,
      "system": 0.006866840000000001,
      "min": 0.06941904002,
      "max": 0.07668320602,
      "times": [
        0.07507324802000001,
        0.07200241502,
        0.07126541502,
        0.07232145702000001,
        0.07488179002,
        0.07356854002,
        0.07668320602,
        0.07177683202,
        0.07070274802000001,
        0.07064704002000001,
        0.06959449902,
        0.07209316502,
        0.07123070702,
        0.06941904002,
        0.06964912302000001,
        0.07455866502000001,
        0.07047204002,
        0.07173766502000001,
        0.07153533202000001,
        0.07097862302
      ],
      "exit_codes": [
        0,
        0,
        0,
        0,
        0,
        0,
        0,
        0,
        0,
        0,
        0,
        0,
        0,
        0,
        0,
        0,
        0,
        0,
        0,
        0
      ]
    },
    {
      "command": "rubocop --format quiet --only Layout/TrailingWhitespace tmp/bench/large.rb",
      "mean": 0.40508717567,
      "stddev": 0.0030859279259097118,
      "median": 0.40563089402,
      "user": 0.3754356799999999,
      "system": 0.02833944,
      "min": 0.39875299902,
      "max": 0.40939791602000003,
      "times": [
        0.40758887402000005,
        0.40349595702,
        0.40679991502,
        0.40114862302000004,
        0.40639612402,
        0.40553316502000003,
        0.40400679002,
        0.40939791602000003,
        0.40856199902,
        0.40107674802000004,
        0.40387716502000004,
        0.40614379002,
        0.40889920702000004,
        0.40572862302,
        0.39875299902,
        0.40753345602,
        0.40337533202000003,
        0.40894704002000004,
        0.40400162402,
        0.40047816602
      ],
      "exit_codes": [
        0,
        0,
        0,
        0,
        0,
        0,
        0,
        0,
        0,
        0,
        0,
        0,
        0,
        0,
        0,
        0,
        0,
        0,
        0,
        0
      ]
    }
  ]
}
