{
  "results": [
    {
      "command": "target/release/reuko --only Layout/TrailingWhitespace tmp/bench/tw_violations.rb",
      "mean": 0.0027870999299999997,
      "stddev": 0.0002930320436421272,
      "median": 0.0027602872800000003,
      "user": 0.001093732,
      "system": 0.001010875,
      "min": 0.0023577672800000004,
      "max": 0.00346722528,
      "times": [
        0.0027583492800000004,
        0.00280839128,
        0.0028015992800000003,
        0.00250609928,
        0.0024672662800000003,
        0.0027504752800000002,
        0.0032111002800000003,
        0.0026026002800000002,
        0.00287214128,
        0.00280101628,
        0.0027622252800000003,
        0.00346722528,
        0.00302734928,
        0.0025535582800000002,
        0.00268626728,
        0.0023684752800000003,
        0.0032974332800000004,
        0.00272597528,
        0.0023577672800000004,
        0.0029166832800000004
      ],
      "exit_codes": [
        1,
        1,
        1,
        1,
        1,
        1,
        1,
        1,
        1,
        1,
        1,
        1,
        1,
        1,
        1,
        1,
        1,
        1,
        1,
        1
      ]
    },
    {
      "command": "rubocop --format quiet --only Layout/TrailingWhitespace tmp/bench/tw_violations.rb",
      "mean": 0.40717795653,
      "stddev": 0.008182292201968915,
      "median": 0.40505151678000006,
      "user": 0.37717740999999994,
      "system": 0.028698999999999995,
      "min": 0.39895735028,
      "max": 0.43401947528,
      "times": [
        0.40308735028000003,
        0.40128597528000004,
        0.41220914128,
        0.40560293328,
        0.40271205928000003,
        0.39895735028,
        0.42034647528,
        0.43401947528,
        0.41391376628000004,
        0.40180322528,
        0.40346072428,
        0.40122868428,
        0.40780726728000005,
        0.40865180928,
        0.39980101728,
        0.40726472528,
        0.40450010028000005,
        0.40795280828,
        0.40654843428000004,
        0.40240580828
      ],
      "exit_codes": [
        1,
        1,
        1,
        1,
        1,
        1,
        1,
        1,
        1,
        1,
        1,
        1,
        1,
        1,
        1,
        1,
        1,
        1,
        1,
        1
      ]
    }
  ]
}
