{
  "results": [
    {
      "command": "target/release/reuko --only Layout/TrailingWhitespace tmp/bench/large.rb",
      "mean": 0.07071742756999999,
      "stddev": 0.0016766568373507388,
      "median": 0.07065107772000001,
      "user": 0.06288168999999999,
      "system": 0.006785940000000002,
      "min": 0.06871620222000001,
      "max": 0.07590749422000001,
      "times": [
        0.06971666022,
        0.06894132822,
        0.07110478522000001,
        0.07096791122,
        0.07091966122,
        0.07192811922,
        0.07590749422000001,
        0.07188945222,
        0.07217666022000001,
        0.06991166122,
        0.06964820222,
        0.07248074422,
        0.06871620222000001,
        0.07113682822,
        0.06918974422,
        0.07038249422000001,
        0.06902582822,
        0.07003678622000001,
        0.07101799422,
        0.06924999422
      ],
      "exit_codes": [
        0,
        0,
        0,
        0,
        0,
        0,
        0,
        0,
        0,
        0,
        0,
        0,
        0,
        0,
        0,
        0,
        0,
        0,
        0,
        0
      ]
    },
    {
      "command": "target/release/reuko --only Layout/IndentationConsistency tmp/bench/large.rb",
      "mean": 0.07021583592,
      "stddev": 0.0009577798034037449,
      "median": 0.07041197371999999,
      "user": 0.06244299000000001,
      "system": 0.00695704,
      "min": 0.06865795222,
      "max": 0.07226753622,
      "times": [
        0.06983041022,
        0.06928916122,
        0.07092999422,
        0.06875178522,
        0.07056995322000001,
        0.07106253522,
        0.07137491122,
        0.07030170322,
        0.06973528622,
        0.07052224422,
        0.06865795222,
        0.06985274422,
        0.07077520222,
        0.06923353522,
        0.07092653622,
        0.06932466122,
        0.07071295222,
        0.07100182822000001,
        0.07226753622,
        0.06919578622
      ],
      "exit_codes": [
        0,
        0,
        0,
        0,
        0,
        0,
        0,
        0,
        0,
        0,
        0,
        0,
        0,
        0,
        0,
        0,
        0,
        0,
        0,
        0
      ]
    }
  ]
}
