{
  "results": [
    {
      "command": "target/release/reuko --only Layout/TrailingWhitespace tmp/bench/large.rb",
      "mean": 0.07498915895348837,
      "stddev": 0.01611991728407096,
      "median": 0.07069586400000001,
      "user": 0.0663249246511628,
      "system": 0.007619009302325577,
      "min": 0.068220155,
      "max": 0.167017571,
      "times": [
        0.06920032200000001,
        0.069531363,
        0.07010957200000001,
        0.07472015500000001,
        0.069475405,
        0.06864103,
        0.068220155,
        0.06959728000000001,
        0.071110488,
        0.06847528,
        0.06982769700000001,
        0.073030947,
        0.09358369700000001,
        0.083702989,
        0.082681738,
        0.167017571,
        0.108790072,
        0.075357905,
        0.075371197,
        0.073689405,
        0.07131490500000001,
        0.069829739,
        0.068255113,
        0.06988003000000001,
        0.074537614,
        0.071605155,
        0.068755114,
        0.06980657200000001,
        0.070870947,
        0.070477571,
        0.070092155,
        0.070776905,
        0.070212988,
        0.07206636400000001,
        0.07069586400000001,
        0.068995947,
        0.069465946,
        0.07115623800000001,
        0.06954294700000001,
        0.07157948800000001,
        0.072126114,
        0.068796613,
        0.07155923800000001
      ],
      "exit_codes": [
        0,
        0,
        0,
        0,
        0,
        0,
        0,
        0,
        0,
        0,
        0,
        0,
        0,
        0,
        0,
        0,
        0,
        0,
        0,
        0,
        0,
        0,
        0,
        0,
        0,
        0,
        0,
        0,
        0,
        0,
        0,
        0,
        0,
        0,
        0,
        0,
        0,
        0,
        0,
        0,
        0,
        0,
        0
      ]
    },
    {
      "command": "target/release/reuko --only Layout/IndentationConsistency tmp/bench/large.rb",
      "mean": 0.07238531476190477,
      "stddev": 0.0038969438227269273,
      "median": 0.07101536350000001,
      "user": 0.06481460571428573,
      "system": 0.0065906095238095225,
      "min": 0.068897447,
      "max": 0.08498923800000001,
      "times": [
        0.07042490500000001,
        0.07041778,
        0.08260478,
        0.073334864,
        0.070239113,
        0.07451207200000001,
        0.06964578,
        0.070562155,
        0.069728488,
        0.069313988,
        0.070584696,
        0.073939405,
        0.070594322,
        0.069647864,
        0.068897447,
        0.071191113,
        0.069141113,
        0.070830322,
        0.071435655,
        0.069504113,
        0.075830905,
        0.072916697,
        0.07043015500000001,
        0.07114798800000001,
        0.07297028000000001,
        0.080693447,
        0.08148994700000001,
        0.07993148800000001,
        0.07152428000000001,
        0.07071390500000001,
        0.071302239,
        0.071558905,
        0.08498923800000001,
        0.07337582200000001,
        0.071108947,
        0.071349905,
        0.06924073900000001,
        0.07018432200000001,
        0.07092178,
        0.07039123800000001,
        0.070341738,
        0.07121928000000001
      ],
      "exit_codes": [
        0,
        0,
        0,
        0,
        0,
        0,
        0,
        0,
        0,
        0,
        0,
        0,
        0,
        0,
        0,
        0,
        0,
        0,
        0,
        0,
        0,
        0,
        0,
        0,
        0,
        0,
        0,
        0,
        0,
        0,
        0,
        0,
        0,
        0,
        0,
        0,
        0,
        0,
        0,
        0,
        0,
        0
      ]
    }
  ]
}
